"","orig.ident","nCount_RNA","nFeature_RNA","seurat_annotations"
"ACCCACTGGTTCAG","pbmc3k",556,338,"Platelet"
"ACCTGAGATATCGG","pbmc3k",1523,703,"Platelet"
"ACGAACTGGCTATG","pbmc3k",8875,2413,"Platelet"
"AGTCTTACTTCGGA","pbmc3k",663,273,"Platelet"
"ATCATCTGACACCA","pbmc3k",736,366,"Platelet"
"ATTCAGCTCATTGG","pbmc3k",916,345,"Platelet"
"GACGCTCTCTCTCG","pbmc3k",682,266,"Platelet"
"GAGTTGTGGTAGCT","pbmc3k",2405,849,"Platelet"
"GCGCATCTGGTTAC","pbmc3k",2513,979,"Platelet"
"GGAACACTTCAGAC","pbmc3k",623,278,"Platelet"
"GGCATATGGGGAGT","pbmc3k",575,212,"Platelet"
"GTCATACTTCGCCT","pbmc3k",979,359,"Platelet"
"TAACACCTTGTTTC","pbmc3k",999,394,"Platelet"
"TTACGTACGTTCAG","pbmc3k",942,321,"Platelet"
